# id	situacao_grupo_id	tipo_versao	versao_origem_id	validada	idioma	tipo	contexto	enunciado	fonte	subtipo	estado_inicial	transformacao	sinal_transformacao	estado_final	quantidade_1	quantidade_2	resultado	referido	referendo	valor_relativo	sinal_valor_relativo	termo_desconhecido	representacao_visual	observacoes	personagem_1	personagem_2	personagem_3	fragmento_texto_1	fragmento_texto_2	fragmento_texto_3	fragmento_texto_4	fragmento_texto_5	fragmento_texto_6	operacao_relacao	estado_intermediario	operacao_estado_transformacao	estado_inicial_parte1	estado_inicial_parte1_personagem	estado_inicial_parte2	estado_inicial_parte2_personagem
PO_TRANSFORMACAO_MEDIDAS_figurinhas_1595370160	SP_LEGADO_0001	original		true	pt-BR	TRANSFORMACAO_MEDIDAS	Figurinhas	Maria faz coleção de figurinhas. Ela tem 32 figurinhas. Sua mãe a presenteou com mais 22 figurinhas. Quantas figurinhas Maria tem em sua coleção agora?	pdf		32	22	positivo	54								estado_final	TRANSFORMACAO_MEDIDAS	Estou testando a curadoria												
PO_TRANSFORMACAO_MEDIDAS_frutas_e_verduras_365604840	SP_LEGADO_0002	original		true	pt-BR	TRANSFORMACAO_MEDIDAS	Frutas e verduras	Maria foi fazer compras na feira com R$ 25,00. Gastou R$ 18,00 comprando frutas e verduras. Com quantos reais Maria ficou após a feira?	pdf		25,00	18,00	negativo	7								estado_final	TRANSFORMACAO_MEDIDAS	Testando a curadoria	Reais	Reais	Reais									
PO_TRANSFORMACAO_MEDIDAS_frutas_93128185	SP_LEGADO_0003	original		true	pt-BR	TRANSFORMACAO_MEDIDAS	Frutas	Nádia comprou dez morangos, sua irmã comeu três. Com quantos morangos Nádia ficou?	pdf		10	3	negativo	7								estado_final	TRANSFORMACAO_MEDIDAS	testando a curadoria	Morangos	Morangos	Morangos									
PO_TRANSFORMACAO_MEDIDAS_balas_2108939476	SP_LEGADO_0004	original		true	pt-BR	TRANSFORMACAO_MEDIDAS	Balas	Leandro tinha 10 balas. Lucas, seu irmão, pegou algumas balas escondidas de Leandro. Quando Leandro foi comer suas balas só restavam 6 balas. Quantas balas Lucas comeu?	pdf		10	-4	negativo	6								transformação	TRANSFORMACAO_MEDIDAS		Balas	Balas	Balas									
PO_TRANSFORMACAO_MEDIDAS_bolas_163355672	SP_LEGADO_0005	original		true	pt-BR	TRANSFORMACAO_MEDIDAS	Bolas	Paulo tinha 6 bolas pela manhã. Ele ganhou 8 à tarde. Com quantas bolas ele ficou?	pdf		6	8	positivo	14								estado_final	TRANSFORMACAO_MEDIDAS		Bolas	Bolas	Bolas									
PO_TRANSFORMACAO_MEDIDAS_dinheiro_e_brinquedos_188709799	SP_LEGADO_0006	original		true	pt-BR	TRANSFORMACAO_MEDIDAS	Dinheiro e brinquedos	Andréa tinha economizado 16 reais (R$ 16) para comprar uma boneca. Sua tia deu-lhe mais 5 reais (R$ 5). Com quanto Andréa ficou?	pdf		16	5	positivo	21								estado_final	TRANSFORMACAO_MEDIDAS		Reais	Reais	Reais									
PO_TRANSFORMACAO_MEDIDAS_figurinhas_1775031040	SP_LEGADO_0007	original		true	pt-BR	TRANSFORMACAO_MEDIDAS	Figurinhas	Lucas ganhou 12 figurinhas de seu tio. Ele possui agora 17 figurinhas. Quantas figurinhas ele tinha antes de ganhar as figurinhas do tio?	pdf		5	12		17								estado_inicial	TRANSFORMACAO_MEDIDAS		Figurinhas	Figurinhas	Figurinhas									
PO_TRANSFORMACAO_MEDIDAS_selos_1714134340	SP_LEGADO_0008	original		false	pt-BR	TRANSFORMACAO_MEDIDAS	Selos	Pedro coleciona selos. Hoje ganhou 23 selos ficando com 417 selos na sua coleção. Quantos selos ele tinha antes?	pdf														TRANSFORMACAO_MEDIDAS													
PO_TRANSFORMACAO_MEDIDAS_bonecas_1110858110	SP_LEGADO_0009	original		false	pt-BR	TRANSFORMACAO_MEDIDAS	Bonecas	Karla coleciona fofoletes. Mês passado, ela tinha 25 fofoletes. Hoje ela contou sua coleção e viu que já possui 34. Quantas fofoletes ela ganhou desde o mês passado?	pdf														TRANSFORMACAO_MEDIDAS													
PO_TRANSFORMACAO_MEDIDAS_bolas_de_gude_395319925	SP_LEGADO_0010	original		false	pt-BR	TRANSFORMACAO_MEDIDAS	Bolas de Gude	Paulo tinha dezesseis bolas de gude. Ele deu 5 para seu irmão Pedro. Com quantas bolas ele ficou?	pdf														TRANSFORMACAO_MEDIDAS													
PO_TRANSFORMACAO_MEDIDAS_dinheiro_1310168816	SP_LEGADO_0011	original		false	pt-BR	TRANSFORMACAO_MEDIDAS	Dinheiro	Mônica foi à feira com R$73,00 e voltou com R$18,00. Quanto Mônica gastou na feira?	pdf														TRANSFORMACAO_MEDIDAS													
PO_TRANSFORMACAO_MEDIDAS_figurinhas_917349929	SP_LEGADO_0012	original		false	pt-BR	TRANSFORMACAO_MEDIDAS	Figurinhas	Lucas perdeu 12 figurinhas para o João no jogo de bafo. Ele possui agora 17 figurinhas. Quantas figurinhas ele tinha antes?	pdf														TRANSFORMACAO_MEDIDAS													
PO_TRANSFORMACAO_MEDIDAS_dinheiro_87364621	SP_LEGADO_0013	original		false	pt-BR	TRANSFORMACAO_MEDIDAS	Dinheiro	Larissa possuía R$20,00, ganhou mais R$ 35,00 de sua avó. Com quanto dinheiro ela ficou?	pdf														TRANSFORMACAO_MEDIDAS													
PO_TRANSFORMACAO_MEDIDAS_dinheiro_1663317646	SP_LEGADO_0014	original		false	pt-BR	TRANSFORMACAO_MEDIDAS	Dinheiro	Ícaro tinha R$5,00, pagou o ônibus que custava R$1,00 a passagem. Quanto ele recebeu de troco?	pdf														TRANSFORMACAO_MEDIDAS													
PO_TRANSFORMACAO_MEDIDAS_alunos_750420606	SP_LEGADO_0015	original		false	pt-BR	TRANSFORMACAO_MEDIDAS	Alunos	Em uma sala, há 20 alunos no começo da aula. Cinco alunos chegaram atrasados. Quantos alunos ficaram no final da aula?	pdf														TRANSFORMACAO_MEDIDAS													
PO_TRANSFORMACAO_MEDIDAS_flores_1333330849	SP_LEGADO_0016	original		false	pt-BR	TRANSFORMACAO_MEDIDAS	Flores	Num buquê de rosas existem 10 rosas: 5 rosas brancas e 5 rosas vermelhas. Foram tiradas 3 rosas. Quantas rosas restaram no buquê?	pdf														TRANSFORMACAO_MEDIDAS													
PO_TRANSFORMACAO_MEDIDAS_festa_164394915	SP_LEGADO_0017	original		false	pt-BR	TRANSFORMACAO_MEDIDAS	Festa	Joana convidou 20 amiguinhos da escola para sua festa de aniversário. Na hora de cantar Parabéns apareceram também seu pai e sua mãe. Quantas pessoas estavam na festa?	pdf														TRANSFORMACAO_MEDIDAS													
PO_TRANSFORMACAO_MEDIDAS_dinheiro_846666488	SP_LEGADO_0018	original		false	pt-BR	TRANSFORMACAO_MEDIDAS	Dinheiro	Priscila tinha R$10,00, emprestou R$3,00 para dois amigos. Com quantos reais Priscila ficou?	pdf														TRANSFORMACAO_MEDIDAS													
PO_TRANSFORMACAO_MEDIDAS_fivelas_122481876	SP_LEGADO_0019	original		false	pt-BR	TRANSFORMACAO_MEDIDAS	Fivelas	Alice tem sete fivelas, ganhou mais quatro de sua mãe. Quantas fivelas Alice tem agora?	pdf														TRANSFORMACAO_MEDIDAS													
PO_TRANSFORMACAO_MEDIDAS_brinquedos_1304676054	SP_LEGADO_0020	original		false	pt-BR	TRANSFORMACAO_MEDIDAS	Brinquedos	Felipe tinha sete carrinhos, perdeu três em uma brincadeira. Quantos carrinhos Felipe tem agora?	pdf														TRANSFORMACAO_MEDIDAS													
PO_TRANSFORMACAO_MEDIDAS_alimentos_1164386440	SP_LEGADO_0021	original		false	pt-BR	TRANSFORMACAO_MEDIDAS	Alimentos	Na dispensa havia 15kg de arroz. Já foram utilizados 7kg. Quantos quilos de arroz ainda tenho?	pdf														TRANSFORMACAO_MEDIDAS													
PO_TRANSFORMACAO_MEDIDAS_frutas_1324070195	SP_LEGADO_0022	original		false	pt-BR	TRANSFORMACAO_MEDIDAS	Frutas	Em uma caixa Lia guarda 5 maçãs. Foram postas nela outras duas maçãs. Quantas maçãs existem agora na caixa?	pdf														TRANSFORMACAO_MEDIDAS													
PO_TRANSFORMACAO_MEDIDAS_brinquedos_1672230	SP_LEGADO_0023	original		false	pt-BR	TRANSFORMACAO_MEDIDAS	Brinquedos	Em uma loja havia 8 carrinhos para vender. Foram vendidos 6 carrinhos. Quantos sobraram?	pdf														TRANSFORMACAO_MEDIDAS													
PO_TRANSFORMACAO_MEDIDAS_livros_2659432	SP_LEGADO_0024	original		false	pt-BR	TRANSFORMACAO_MEDIDAS	Livros	Raquel tinha quatro livros, sua mãe lhe deu mais cinco, com quantos livros Raquel ficou?	pdf														TRANSFORMACAO_MEDIDAS													
PO_TRANSFORMACAO_MEDIDAS_refrigerantes_151430865	SP_LEGADO_0025	original		false	pt-BR	TRANSFORMACAO_MEDIDAS	Refrigerantes	Rafael tinha dez refrigerantes e João tomou seis. Quantos refrigerantes restaram?	pdf		10	seis	negativo	4								estado_final	TRANSFORMACAO_MEDIDAS		Rafael	João	Refrigerantes									
PO_TRANSFORMACAO_MEDIDAS_aneis_334103531	SP_LEGADO_0026	original		false	pt-BR	TRANSFORMACAO_MEDIDAS	Anéis	Priscila tinha dois anéis, comprou 3, com quantos ficou?	pdf														TRANSFORMACAO_MEDIDAS													
PO_COMPOSICAO_TRANSFORMACAO_MEDIDAS_flores_422431114	SP_LEGADO_0027	original		true	pt-BR	COMPOSICAO_TRANSFORMACOES	Flores	Vovó possui 2 rosas brancas e 3 rosas amarelas. Deu 1 rosa branca e 1 rosa amarela para a sua netinha. Com quantas rosas vovó ficou?	pdf		5	2	negativo	3	1	1	2					estado_final	COMPOSICAO_TRANSFORMACAO_MEDIDAS		Rosas brancas	Rosas amarelas	Vovó	Vovó possui 2 rosas bracas	e 3 rosa amarelas	Deu 1 rosa branca	e 1 amarela	para sua netinha	Com quantas rosas vovó ficou				3	Rosas amarelas	2	Rosas brancas
PO_COMPOSICAO_TRANSFORMACAO_MEDIDAS_mesas_1238199450	SP_LEGADO_0028	original		false	pt-BR	COMPOSICAO_TRANSFORMACOES	Mesas	Em uma sala havia cinco mesas redondas e quatro mesas quadradas. Foi tirada da sala duas mesas redondas e uma mesa quadrada. Quantas mesas ficaram?	pdf														COMPOSICAO_TRANSFORMACAO_MEDIDAS													
PO_TRANSFORMACAO_COMPOSTA_DOIS_PASSOS_guloseimas_400916186	SP_LEGADO_0029	original		true	pt-BR	COMPOSICAO_TRANSFORMACOES	Guloseimas	Geisa tinha uma caixa com 35 chocolates. Comeu 2 ontem e 5 hoje. Quantos chocolates ainda tem?	pdf		35			28	-2	-5	-7					estado_final	TRANSFORMACAO_COMPOSTA_DOIS_PASSOS		Chocolates	Chocolates	Chocolates							soma	33					
PO_TRANSFORMACAO_MEDIDAS_bolas_de_gude_555598173	SP_LEGADO_0030	original		false	pt-BR	TRANSFORMACAO_MEDIDAS	Bolas de gude	Ricardo saiu para jogar bola de gude. Ao sair de casa ele possuía 2 bolas. Ao voltar, ele tinha 6 bolas. O que aconteceu no jogo?	pdf														TRANSFORMACAO_MEDIDAS													
PO_TRANSFORMACAO_MEDIDAS_frutas_1638871910	SP_LEGADO_0031	original		false	pt-BR	TRANSFORMACAO_MEDIDAS	Frutas	Maria tinha 4 maçãs, comprou 6 bananas. Com quantas frutas ficou?	pdf														TRANSFORMACAO_MEDIDAS													
PO_COMPOSICAO_MEDIDAS_bolas_1098018440	SP_LEGADO_0032	original		true	pt-BR	COMPOSICAO_MEDIDAS	Bolas	Paulo tem seis bolas de vidro e oito de aço. Quantas bolas ele tem ao todo?	pdf						6	8	14					todo	DIAGRAMA_COMPOSICAO_COLECOES	testando a curadoria	Vidro	Aço										
PO_COMPOSICAO_MEDIDAS_figurinhas_755733109	SP_LEGADO_0033	original		true	pt-BR	COMPOSICAO_MEDIDAS	Figurinhas	Lucas tem 12 figurinhas do Pokémon e 25 do Digimon. Quantas figurinhas ele tem ao todo?	pdf						12	25	37					todo	DIAGRAMA_COMPOSICAO_COLECOES		Pokémon	Digimon	Lucas									
PO_COMPOSICAO_MEDIDAS_bonecas_1023345945	SP_LEGADO_0034	original		true	pt-BR	COMPOSICAO_MEDIDAS	Bonecas	Lívia tem 7 fofoletes, Deborah tem 12 fofoletes. Quantas fofoletes elas têm em conjunto?	pdf						7	12	19					todo	DIAGRAMA_COMPOSICAO_COLECOES		Lígia	Debora	Fofoletes									
PO_COMPOSICAO_MEDIDAS_bolas_608460155	SP_LEGADO_0035	original		false	pt-BR	COMPOSICAO_MEDIDAS	Bolas	Paulo tem 17 bolas azuis e vermelhas. Se ele tem 11 bolas azuis, quantas bolas vermelhas ele tem?	pdf														DIAGRAMA_COMPOSICAO_COLECOES													
PO_COMPOSICAO_MEDIDAS_figurinhas_374487832	SP_LEGADO_0036	original		false	pt-BR	COMPOSICAO_MEDIDAS	Figurinhas	Lucas tem 19 figurinhas de Pokémon e Digimon. Se ele tem 6 figurinhas de Pokémon, quantas figurinhas de Digimon ele tem?	pdf														DIAGRAMA_COMPOSICAO_COLECOES													
PO_COMPOSICAO_MEDIDAS_roupas_442246020	SP_LEGADO_0037	original		false	pt-BR	COMPOSICAO_MEDIDAS	Roupas	Ana ganhou em sua festa de aniversário 2 vestidos vermelhos e 5 vestidos amarelos. Quantos vestidos Ana ganhou ao todo?	pdf														DIAGRAMA_COMPOSICAO_COLECOES													
PO_COMPOSICAO_MEDIDAS_figurinhas_226496415	SP_LEGADO_0038	original		false	pt-BR	COMPOSICAO_MEDIDAS	Figurinhas	Paulo tem cinco figurinhas. Luis tem sete. Quantas figurinhas Paulo e Luis têm ao todo?	pdf														DIAGRAMA_COMPOSICAO_COLECOES													
PO_COMPOSICAO_MEDIDAS_ovos_1660505712	SP_LEGADO_0039	original		false	pt-BR	COMPOSICAO_MEDIDAS	Ovos	Numa caixa existem 12 ovos sendo que 3 vieram quebrados. Quantos ovos inteiros tem na caixa?	pdf														DIAGRAMA_COMPOSICAO_COLECOES													
PO_COMPOSICAO_MEDIDAS_chaves_1132344424	SP_LEGADO_0040	original		false	pt-BR	COMPOSICAO_MEDIDAS	Chaves	O pai de Adriana tem um chaveiro com 3 chaves de prata e 2 chaves de ouro. Qual o total de chaves que o pai de Adriana tem no chaveiro?	pdf														DIAGRAMA_COMPOSICAO_COLECOES													
PO_COMPOSICAO_MEDIDAS_bolas_973887513	SP_LEGADO_0041	original		false	pt-BR	COMPOSICAO_MEDIDAS	Bolas	Alex tem uma caixa com 80 bolinhas de gude. Sendo que 30 bolinhas são verdes e as outras azuis. Quantas são as bolinhas azuis?	pdf														DIAGRAMA_COMPOSICAO_COLECOES													
PO_COMPOSICAO_MEDIDAS_album_660919521	SP_LEGADO_0042	original		false	pt-BR	COMPOSICAO_MEDIDAS	Álbum	Yuri tinha dois álbuns com 20 figurinhas ao todo. Se em um álbum tinha 8 figurinhas, quantas terá o outro?	pdf														DIAGRAMA_COMPOSICAO_COLECOES													
PO_COMPOSICAO_MEDIDAS_bonecas_1713336345	SP_LEGADO_0043	original		false	pt-BR	COMPOSICAO_MEDIDAS	Bonecas	Joana tem 10 bonecas, sua irmã tem 5. Quantas bonecas têm as duas irmãs?	pdf														DIAGRAMA_COMPOSICAO_COLECOES													
PO_COMPOSICAO_MEDIDAS_cadeiras_1517400475	SP_LEGADO_0044	original		false	pt-BR	COMPOSICAO_MEDIDAS	Cadeiras	Numa sala de aula tem 30 cadeiras, 5 estão quebradas. Quantas podem ser usadas pelos alunos?	pdf														DIAGRAMA_COMPOSICAO_COLECOES													
PO_COMPOSICAO_MEDIDAS_cordao_1169143305	SP_LEGADO_0045	original		false	pt-BR	COMPOSICAO_MEDIDAS	Cordão	Num cordão há 7 continhas azuis e 3 continhas brancas. Quantas continhas têm ao todo no cordão?	pdf														DIAGRAMA_COMPOSICAO_COLECOES													
PO_COMPOSICAO_MEDIDAS_roupas_1048926934	SP_LEGADO_0046	original		false	pt-BR	COMPOSICAO_MEDIDAS	Roupas	Natália guarda 3 saias em uma gaveta e 7 em outra gaveta. Quantas saias Natália possui?	pdf														DIAGRAMA_COMPOSICAO_COLECOES													
PO_COMPOSICAO_MEDIDAS_borrachas_327293879	SP_LEGADO_0047	original		false	pt-BR	COMPOSICAO_MEDIDAS	Borrachas	Marina tem quatro borrachas azuis, três amarelas, duas verdes e cinco vermelhas. Quantas borrachas Marina tem?	pdf														DIAGRAMA_COMPOSICAO_COLECOES													
PO_COMPOSICAO_MEDIDAS_frutas_106233865	SP_LEGADO_0048	original		false	pt-BR	COMPOSICAO_MEDIDAS	Frutas	Numa cesta há sete laranjas e oito bananas. Quantas frutas tinha na cesta?	pdf														DIAGRAMA_COMPOSICAO_COLECOES													
PO_COMPOSICAO_MEDIDAS_roupas_837703985	SP_LEGADO_0049	original		false	pt-BR	COMPOSICAO_MEDIDAS	Roupas	Comprei dois vestidos e ganhei duas blusas. Quantas peças de roupa tenho?	pdf														DIAGRAMA_COMPOSICAO_COLECOES													
PO_COMPARACAO_MEDIDAS_bolas_487868670	SP_LEGADO_0050	original		true	pt-BR	COMPARACAO_MEDIDAS	Bolas	Paulo tem 6 bolas. José tem 8 bolas a mais que Paulo. Quantas bolas tem José?	pdf									6	14	8	positivo	referendo	COMPARACAO_MEDIDAS	testando a curadoria	Paulo	José										
PO_COMPARACAO_MEDIDAS_carrinhos_1292854684	SP_LEGADO_0051	original		true	pt-BR	COMPARACAO_MEDIDAS	Carrinhos	Marcus e Jardel colecionam carrinhos em miniatura. Marcus tem 23 carrinhos e Jardel tem 11 carrinhos. Quantos carrinhos a menos Jardel tem?	pdf									23	11	-12	negativo	valor_relativo	COMPARACAO_MEDIDAS		Marcus	Jardel	Carrinhos									
PO_COMPARACAO_MEDIDAS_dinheiro_667564143	SP_LEGADO_0052	original		true	pt-BR	COMPARACAO_MEDIDAS	Dinheiro	Ingrid tem 12 reais a mais que Ligianne. Se Ligianne possui 27 reais, quantos reais Ingrid tem?	pdf									27	39	12	positivo	referendo	COMPARACAO_MEDIDAS		Ligianne	Ingrid	Reais									
PO_COMPARACAO_MEDIDAS_cds_1222854862	SP_LEGADO_0053	original		true	pt-BR	COMPARACAO_MEDIDAS	CDs	Jammes tem 17 CDs. Ela tem 12 CDs a menos que Gisele. Quantos CDs Gisele tem?	pdf									29	17	12	negativo	referido	COMPARACAO_MEDIDAS		Gisele	Jammes	Cds									
PO_COMPARACAO_MEDIDAS_dinheiro_2123535490	SP_LEGADO_0054	original		true	pt-BR	COMPARACAO_MEDIDAS	Dinheiro	Claudia tem 15 reais. Ela tem 7 reais a mais que Joana. Quantos reais Joana tem?	pdf									8	15	7	positivo	referido	COMPARACAO_MEDIDAS		Joana	Cláudia	Reais									
PO_COMPARACAO_MEDIDAS_dinheiro_1527166754	SP_LEGADO_0055	original		true	pt-BR	COMPARACAO_MEDIDAS	Dinheiro	Claudenice tem 14 reais a menos que Nádia. Nádia tem 27 reais. Quantos reais Claudenice tem?	pdf									27	13	14	negativo	referendo	COMPARACAO_MEDIDAS		Nadia	Claudenice	Reais									
PO_COMPOSICAO_TRANSFORMACOES_bolas_509261012	SP_LEGADO_0056	original		true	pt-BR	COMPOSICAO_TRANSFORMACOES	Bolas	João jogou duas partidas de bila. Na segunda ele ganhou 12 bolas. Ao final das duas partidas ele tinha ganhado 22. Quantas bilas ele ganhou na primeira partida?	pdf						+10	+12	+22					transformacao_1	COMPOSICAO_TRANSFORMACOES		bila	bila	bila							soma		soma				
PO_COMPOSICAO_TRANSFORMACOES_bolas_255637227	SP_LEGADO_0057	original		false	pt-BR	COMPOSICAO_TRANSFORMACOES	Bolas	João jogou duas partidas de bila. Na segunda ele ganhou 12 bolas. Ao final das duas partidas ele tinha perdido 5. Quantas bilas ele perdeu na primeira partida?	pdf														COMPOSICAO_TRANSFORMACOES													
PO_COMPOSICAO_TRANSFORMACOES_figurinhas_2105853102	SP_LEGADO_0058	original		true	pt-BR	COMPOSICAO_TRANSFORMACOES	Figurinhas	Manuel ganhou de Antônio 12 figurinhas do Pokémon de João. Mais tarde Manuel ganhou mais 5 figurinhas de Aninha. Manuel ganhou quantas figurinhas ao todo?	pdf						+12	+5	17					transformacao_resultante	COMPOSICAO_TRANSFORMACOES		figurinhas	figurinhas	figurinhas									
PO_COMPOSICAO_TRANSFORMACOES_figurinhas_2122435050	SP_LEGADO_0059	original		false	pt-BR	COMPOSICAO_TRANSFORMACOES	Figurinhas	Manuel ganhou de Antônio 12 figurinhas do Pokémon de João. Mais tarde Manuel perdeu 5 figurinhas para Aninha. Manuel ganhou quantas figurinhas ao todo?	pdf														COMPOSICAO_TRANSFORMACOES													
PO_COMPOSICAO_TRANSFORMACOES_figurinhas_1706006252	SP_LEGADO_0060	original		false	pt-BR	COMPOSICAO_TRANSFORMACOES	Figurinhas	Numa primeira partida Maria perdeu 7 figurinhas. Ao final da segunda partida ela tinha ganho ao todo 4 figurinhas. Quantas figurinhas ela ganhou na segunda partida?	pdf														COMPOSICAO_TRANSFORMACOES													
PO_COMPOSICAO_TRANSFORMACOES_pontuacao_1210867056	SP_LEGADO_0061	original		false	pt-BR	COMPOSICAO_TRANSFORMACOES	Pontuação	Em um jogo, Paulo ganhou 8 pontos na primeira rodada e perdeu 3 pontos na segunda. Qual foi a transformação total em sua pontuação?	pdf														COMPOSICAO_TRANSFORMACOES													
PO_TRANSFORMACAO_COMPOSTA_DOIS_PASSOS_chocolates_1269597383	SP_LEGADO_0062	original		true	pt-BR	COMPOSICAO_TRANSFORMACOES	Chocolates	Geisa tinha uma caixa com 25 chocolates. Comeu 2 ontem e 5 hoje. Quantos chocolates ainda tem?	pdf		25			16	-2	-5	3					estado_final	TRANSFORMACAO_COMPOSTA_DOIS_PASSOS		chocolates	chocolates	chocolates							subtracao	22	
PO_TRANSFORMACAO_RELACAO_bonecas_620955739	SP_LEGADO_0063	original		true	pt-BR	TRANSFORMACAO_RELACAO	Bonecas	Julia tem 3 bonecas a mais que Maria. A mãe de Maria comprou mais 5 bonecas para ela. Quantas bonecas Maria ficou a mais que Julia?	pdf		+3	5	positivo	+2								relacao_final	TRANSFORMACAO_RELACAO		Bonecas	Maria	Julia	Julia tem 3 bonecas a mais que Maria.	A mãe de Maria comprou mais 5 bonecas para ela	Quantas bonecas Maria ficou a mais que Julia?				subtracao		
PO_TRANSFORMACAO_RELACAO_figurinhas_1283157032	SP_LEGADO_0064	original		true	pt-BR	TRANSFORMACAO_RELACAO	Figurinhas	Ana tem 5 figurinhas a mais que Bia. Depois Ana ganhou mais 4 figurinhas. Quantas figurinhas a mais Ana passou a ter que Bia?	pdf		+5	4	positivo	+9								relacao_final	TRANSFORMACAO_RELACAO		figurinhas	figurinhas	figurinhas	Ana tem 5 figurinhas a mais que Bia.	Depois Ana ganhou mais 4 figurinhas	Quantas figurinhas a mais Ana passou a ter que Bia?						
PO_COMPOSICAO_RELACOES_dinheiro_161113042	SP_LEGADO_0065	original		true	pt-BR	COMPOSICAO_RELACOES	Dinheiro	Carlos tem 7 reais a mais que João. João tem 2 reais a menos que Pedro. Qual é a relação entre a quantia de Carlos e a de Pedro?	pdf						+7	-2	5					relacao_resultante	COMPOSICAO_RELACOES		Reais	Reais	Reais									
PO_COMPOSICAO_RELACOES_idades_642701604	SP_LEGADO_0066	original		true	pt-BR	COMPOSICAO_RELACOES	Idades	Maria é 4 anos mais velha que João. João é 2 anos mais velho que Carla. Qual é a diferença de idade entre Maria e Carla?	pdf						+4	+2	6					relacao_resultante	COMPOSICAO_RELACOES		anos	anos		Maria é 4 anos mais velha que João	João é 2 anos mais velho que Carla	Qual é a diferença de idade entre Maria e Carla?				soma		
IN_COMPOSICAO_MEDIDAS_figurinhas_791345454	SP_LEGADO_EXTRA_0001	original		false	en	COMPOSICAO_MEDIDAS	Figurinhas	Lucas has 12 Pokémon cards and 25 Digimon cards. How many cards does he have in all?	gerard														DIAGRAMA_COMPOSICAO_COLECOES													
IN_TRANSFORMACAO_MEDIDAS_bolas_de_gude_883471038	SP_LEGADO_EXTRA_0002	original		false	en	TRANSFORMACAO_MEDIDAS	Bolas de gude	Ricardo went out to play marbles. When he left home, he had 2 marbles. When he returned, he had 6 marbles. What happened in the game?	gerard														TRANSFORMACAO_MEDIDAS													
IN_COMPARACAO_MEDIDAS_dinheiro_51287019	SP_LEGADO_EXTRA_0003	original		false	en	COMPARACAO_MEDIDAS	Dinheiro	Glaudenice has 14 reais less than Nádia. Nádia has 27 reais. How many reais does Glaudenice have?	gerard												negativo		COMPARACAO_MEDIDAS		Glaudenice											
IN_COMPOSICAO_TRANSFORMACOES_pontuacao_1548528732	SP_LEGADO_EXTRA_0004	original		false	en	COMPOSICAO_TRANSFORMACOES	Pontuação	In a game, Paul won 8 points in the first round and lost 3 points in the second round. What was the total change in his score?	gerard														COMPOSICAO_TRANSFORMACOES													
IN_TRANSFORMACAO_RELACAO_figurinhas_1696889456	SP_LEGADO_EXTRA_0005	original		false	en	TRANSFORMACAO_RELACAO	Figurinhas	Ana has 5 more stickers than Bia. Then Ana won 4 more stickers. How many more stickers does Ana have than Bia now?	gerard														TRANSFORMACAO_RELACAO													
IN_COMPOSICAO_RELACOES_dinheiro_666814368	SP_LEGADO_EXTRA_0006	original		false	en	COMPOSICAO_RELACOES	Dinheiro	Carlos has 7 reais more than João. João has 2 reais less than Pedro. What is the relation between Carlos's amount and Pedro's amount?	gerard														COMPOSICAO_RELACOES													
FR_COMPOSICAO_MEDIDAS_figurinhas_228005710	SP_LEGADO_EXTRA_0001	traducao	IN_COMPOSICAO_MEDIDAS_figurinhas_791345454	false	fr	COMPOSICAO_MEDIDAS	Figurinhas	Lucas a 12 images de Pokémon et 25 images de Digimon. Combien d'images a-t-il en tout ?	gerard														DIAGRAMA_COMPOSICAO_COLECOES													
FR_TRANSFORMACAO_MEDIDAS_billes_1389623561	SP_LEGADO_EXTRA_0002	traducao	IN_TRANSFORMACAO_MEDIDAS_bolas_de_gude_883471038	false	fr	TRANSFORMACAO_MEDIDAS	Billes	Ricardo est sorti jouer aux billes. En quittant la maison, il avait 2 billes. En revenant, il avait 6 billes. Que s'est-il passé dans le jeu ?	gerard														TRANSFORMACAO_MEDIDAS													
FR_COMPARACAO_MEDIDAS_argent_228473536	SP_LEGADO_EXTRA_0003	traducao	IN_COMPARACAO_MEDIDAS_dinheiro_51287019	false	fr	COMPARACAO_MEDIDAS	Argent	Glaudenice a 14 reais de moins que Nádia. Nádia a 27 reais. Combien de reais Glaudenice a-t-elle ?	gerard												negativo		COMPARACAO_MEDIDAS		Glaudenice											
FR_COMPOSICAO_TRANSFORMACOES_score_1772813122	SP_LEGADO_EXTRA_0004	traducao	IN_COMPOSICAO_TRANSFORMACOES_pontuacao_1548528732	false	fr	COMPOSICAO_TRANSFORMACOES	Score	Dans un jeu, Paul a gagné 8 points au premier tour et a perdu 3 points au deuxième tour. Quelle a été la transformation totale de son score ?	gerard														COMPOSICAO_TRANSFORMACOES													
FR_TRANSFORMACAO_RELACAO_images_855699622	SP_LEGADO_EXTRA_0005	traducao	IN_TRANSFORMACAO_RELACAO_figurinhas_1696889456	false	fr	TRANSFORMACAO_RELACAO	Images	Ana a 5 images de plus que Bia. Ensuite Ana a gagné 4 images de plus. Combien d'images de plus Ana a-t-elle maintenant que Bia ?	gerard														TRANSFORMACAO_RELACAO													
FR_COMPOSICAO_RELACOES_argent_1876731889	SP_LEGADO_EXTRA_0006	traducao	IN_COMPOSICAO_RELACOES_dinheiro_666814368	false	fr	COMPOSICAO_RELACOES	Argent	Carlos a 7 reais de plus que João. João a 2 reais de moins que Pedro. Quelle est la relation entre la somme de Carlos et celle de Pedro ?	gerard														COMPOSICAO_RELACOES													
IN_TRANSFORMACAO_MEDIDAS_figurinhas_2006515770	SP_LEGADO_0001	traducao	PO_TRANSFORMACAO_MEDIDAS_figurinhas_1595370160	false	en	TRANSFORMACAO_MEDIDAS	Figurinhas	Maria collects stickers. She has 32 stickers. Her mother gave her 22 more stickers. How many stickers does Maria have in her collection now?	auto_i18n		32	22	positivo	54								estado_final	TRANSFORMACAO_MEDIDAS	Estou testando a curadoria												
FR_TRANSFORMACAO_MEDIDAS_figurinhas_1939875172	SP_LEGADO_0001	traducao	PO_TRANSFORMACAO_MEDIDAS_figurinhas_1595370160	true	fr	TRANSFORMACAO_MEDIDAS	Figurinhas	Maria collectionne des images. Elle a 32 images. Sa mère lui a donné 22 images de plus. Combien d’images Maria a-t-elle maintenant dans sa collection ?	auto_i18n		32	22	positivo	54								estado_final	TRANSFORMACAO_MEDIDAS	Estou testando a curadoria												
IN_TRANSFORMACAO_MEDIDAS_frutas_e_verduras_2124664773	SP_LEGADO_0002	traducao	PO_TRANSFORMACAO_MEDIDAS_frutas_e_verduras_365604840	true	en	TRANSFORMACAO_MEDIDAS	Frutas e verduras	Maria went shopping at the street market with R$ 25,00. She spent R$ 18,00 buying fruits and vegetables. How many reais did Maria have left after the market?	auto_i18n		25,00	18,00	negativo	7								estado_final	TRANSFORMACAO_MEDIDAS	Testando a curadoria	Reais	Reais	Reais									
FR_TRANSFORMACAO_MEDIDAS_frutas_e_verduras_238789438	SP_LEGADO_0002	traducao	PO_TRANSFORMACAO_MEDIDAS_frutas_e_verduras_365604840	true	fr	TRANSFORMACAO_MEDIDAS	Frutas e verduras	Maria collectionne des images. Elle a 32 images. Sa mère lui a offert 22 images de plus. Combien d’images Maria a-t-elle maintenant dans sa collection ?	auto_i18n		25,00	18,00	negativo	7								estado_final	TRANSFORMACAO_MEDIDAS	Testando a curadoria	Reais	Reais	Reais									
IN_TRANSFORMACAO_MEDIDAS_frutas_727332787	SP_LEGADO_0003	traducao	PO_TRANSFORMACAO_MEDIDAS_frutas_93128185	true	en	TRANSFORMACAO_MEDIDAS	Frutas	Nádia bought 10 strawberries, and her sister ate 3. How many strawberries did Nádia have left?	auto_i18n		10	3	negativo	7								estado_final	TRANSFORMACAO_MEDIDAS	testando a curadoria	Morangos	Morangos	Morangos									
FR_TRANSFORMACAO_MEDIDAS_frutas_1604626860	SP_LEGADO_0003	traducao	PO_TRANSFORMACAO_MEDIDAS_frutas_93128185	true	fr	TRANSFORMACAO_MEDIDAS	Frutas	Nádia a acheté 10 fraises et sa sœur en a mangé 3. Combien de fraises reste-t-il à Nádia ?	auto_i18n		10	3	negativo	7								estado_final	TRANSFORMACAO_MEDIDAS	testando a curadoria	Morangos	Morangos	Morangos									
IN_TRANSFORMACAO_MEDIDAS_balas_1673463544	SP_LEGADO_0004	traducao	PO_TRANSFORMACAO_MEDIDAS_balas_2108939476	true	en	TRANSFORMACAO_MEDIDAS	Balas	Leandro had 10 candies. Lucas, his brother, secretly took some candies from him. When Leandro went to eat them, only 6 candies were left. How many candies did Lucas eat?	auto_i18n		10	-4	negativo	6								transformação	TRANSFORMACAO_MEDIDAS		Balas	Balas	Balas									
FR_TRANSFORMACAO_MEDIDAS_balas_1406833657	SP_LEGADO_0004	traducao	PO_TRANSFORMACAO_MEDIDAS_balas_2108939476	true	fr	TRANSFORMACAO_MEDIDAS	Balas	Leandro avait 10 bonbons. Lucas, son frère, lui a pris quelques bonbons en cachette. Quand Leandro est allé les manger, il n’en restait que 6. Combien de bonbons Lucas a-t-il mangés ?	auto_i18n		10	-4	negativo	6								transformação	TRANSFORMACAO_MEDIDAS		Balas	Balas	Balas									
IN_TRANSFORMACAO_MEDIDAS_bolas_567206280	SP_LEGADO_0005	traducao	PO_TRANSFORMACAO_MEDIDAS_bolas_163355672	true	en	TRANSFORMACAO_MEDIDAS	Bolas	Paulo had 6 balls in the morning. He won 8 more in the afternoon. How many balls did he have?	auto_i18n		6	8	positivo	14								estado_final	TRANSFORMACAO_MEDIDAS		Bolas	Bolas	Bolas									
FR_TRANSFORMACAO_MEDIDAS_bolas_2030296152	SP_LEGADO_0005	traducao	PO_TRANSFORMACAO_MEDIDAS_bolas_163355672	true	fr	TRANSFORMACAO_MEDIDAS	Bolas	Paulo avait 6 balles le matin. Il en a gagné 8 l’après-midi. Combien de balles a-t-il maintenant ?	auto_i18n		6	8	positivo	14								estado_final	TRANSFORMACAO_MEDIDAS		Bolas	Bolas	Bolas									
IN_TRANSFORMACAO_MEDIDAS_dinheiro_e_brinquedos_525352606	SP_LEGADO_0006	traducao	PO_TRANSFORMACAO_MEDIDAS_dinheiro_e_brinquedos_188709799	true	en	TRANSFORMACAO_MEDIDAS	Dinheiro e brinquedos	Andréa had saved 16 reais (R$16) to buy a doll. Her aunt gave her 5 more reais (R$5). How much did Andréa have?	auto_i18n		16	5	positivo	21								estado_final	TRANSFORMACAO_MEDIDAS		Reais	Reais	Reais									
FR_TRANSFORMACAO_MEDIDAS_dinheiro_e_brinquedos_1765404383	SP_LEGADO_0006	traducao	PO_TRANSFORMACAO_MEDIDAS_dinheiro_e_brinquedos_188709799	true	fr	TRANSFORMACAO_MEDIDAS	Dinheiro e brinquedos	Andréa avait économisé 16 reais (R$16) pour acheter une poupée. Sa tante lui a donné 5 reais de plus (R$5). Combien Andréa a-t-elle maintenant ?	auto_i18n		16	5	positivo	21								estado_final	TRANSFORMACAO_MEDIDAS		Reais	Reais	Reais									
IN_TRANSFORMACAO_MEDIDAS_figurinhas_120596356	SP_LEGADO_0007	traducao	PO_TRANSFORMACAO_MEDIDAS_figurinhas_1775031040	false	en	TRANSFORMACAO_MEDIDAS	Figurinhas	Lucas got 12 stickers from his uncle. He now has 17 stickers. How many stickers did he have before receiving the stickers from his uncle?	auto_i18n		5	12		17								estado_inicial	TRANSFORMACAO_MEDIDAS		Figurinhas	Figurinhas	Figurinhas									
FR_TRANSFORMACAO_MEDIDAS_figurinhas_1501838093	SP_LEGADO_0007	traducao	PO_TRANSFORMACAO_MEDIDAS_figurinhas_1775031040	false	fr	TRANSFORMACAO_MEDIDAS	Figurinhas	Lucas a reçu 12 images de son oncle. Il a maintenant 17 images. Combien d’images avait-il avant d’en recevoir de son oncle ?	auto_i18n		5	12		17								estado_inicial	TRANSFORMACAO_MEDIDAS		Figurinhas	Figurinhas	Figurinhas									
IN_TRANSFORMACAO_MEDIDAS_selos_2093740370	SP_LEGADO_0008	traducao	PO_TRANSFORMACAO_MEDIDAS_selos_1714134340	false	en	TRANSFORMACAO_MEDIDAS	Selos	Pedro collects stamps. Today he received 23 stamps and now has 417 stamps in his collection. How many stamps did he have before?	auto_i18n														TRANSFORMACAO_MEDIDAS													
FR_TRANSFORMACAO_MEDIDAS_selos_357794897	SP_LEGADO_0008	traducao	PO_TRANSFORMACAO_MEDIDAS_selos_1714134340	false	fr	TRANSFORMACAO_MEDIDAS	Selos	Pedro collectionne des timbres. Aujourd’hui, il a reçu 23 timbres et il en a maintenant 417. Combien de timbres avait-il avant ?	auto_i18n														TRANSFORMACAO_MEDIDAS													
IN_TRANSFORMACAO_MEDIDAS_bonecas_856162883	SP_LEGADO_0009	traducao	PO_TRANSFORMACAO_MEDIDAS_bonecas_1110858110	false	en	TRANSFORMACAO_MEDIDAS	Bonecas	Karla collects fofoletes. Last month she had 25 fofoletes. Today she counted her collection and saw that she already has 34. How many fofoletes has she gained since last month?	auto_i18n														TRANSFORMACAO_MEDIDAS													
FR_TRANSFORMACAO_MEDIDAS_bonecas_938172187	SP_LEGADO_0009	traducao	PO_TRANSFORMACAO_MEDIDAS_bonecas_1110858110	false	fr	TRANSFORMACAO_MEDIDAS	Bonecas	Karla collectionne des fofoletes. Le mois dernier, elle en avait 25. Aujourd’hui, elle a compté sa collection et en a 34. Combien de fofoletes a-t-elle gagnées depuis le mois dernier ?	auto_i18n														TRANSFORMACAO_MEDIDAS													
IN_TRANSFORMACAO_MEDIDAS_bolas_de_gude_2015153644	SP_LEGADO_0010	traducao	PO_TRANSFORMACAO_MEDIDAS_bolas_de_gude_395319925	false	en	TRANSFORMACAO_MEDIDAS	Bolas de Gude	Paulo had 16 marbles. He gave 5 to his brother Pedro. How many marbles did he have left?	auto_i18n														TRANSFORMACAO_MEDIDAS													
FR_TRANSFORMACAO_MEDIDAS_bolas_de_gude_1124743531	SP_LEGADO_0010	traducao	PO_TRANSFORMACAO_MEDIDAS_bolas_de_gude_395319925	false	fr	TRANSFORMACAO_MEDIDAS	Bolas de Gude	Paulo avait 16 billes. Il en a donné 5 à son frère Pedro. Combien de billes lui reste-t-il ?	auto_i18n														TRANSFORMACAO_MEDIDAS													
IN_TRANSFORMACAO_MEDIDAS_dinheiro_1868381688	SP_LEGADO_0011	traducao	PO_TRANSFORMACAO_MEDIDAS_dinheiro_1310168816	false	en	TRANSFORMACAO_MEDIDAS	Dinheiro	Mônica went to the market with R$73.00 and came back with R$18.00. How much did Mônica spend at the market?	auto_i18n														TRANSFORMACAO_MEDIDAS													
FR_TRANSFORMACAO_MEDIDAS_dinheiro_1750075730	SP_LEGADO_0011	traducao	PO_TRANSFORMACAO_MEDIDAS_dinheiro_1310168816	false	fr	TRANSFORMACAO_MEDIDAS	Dinheiro	Mônica est allée au marché avec R$73,00 et est revenue avec R$18,00. Combien a-t-elle dépensé au marché ?	auto_i18n														TRANSFORMACAO_MEDIDAS													
IN_TRANSFORMACAO_MEDIDAS_figurinhas_277029875	SP_LEGADO_0012	traducao	PO_TRANSFORMACAO_MEDIDAS_figurinhas_917349929	false	en	TRANSFORMACAO_MEDIDAS	Figurinhas	Lucas lost 12 stickers to João in the bafo game. He now has 17 stickers. How many stickers did he have before?	auto_i18n														TRANSFORMACAO_MEDIDAS													
FR_TRANSFORMACAO_MEDIDAS_figurinhas_207232588	SP_LEGADO_0012	traducao	PO_TRANSFORMACAO_MEDIDAS_figurinhas_917349929	false	fr	TRANSFORMACAO_MEDIDAS	Figurinhas	Lucas a perdu 12 images contre João au jeu de bafo. Il a maintenant 17 images. Combien d’images avait-il avant ?	auto_i18n														TRANSFORMACAO_MEDIDAS													
IN_TRANSFORMACAO_MEDIDAS_dinheiro_852316404	SP_LEGADO_0013	traducao	PO_TRANSFORMACAO_MEDIDAS_dinheiro_87364621	false	en	TRANSFORMACAO_MEDIDAS	Dinheiro	Larissa had R$20.00 and received R$35.00 more from her grandmother. How much money did she have?	auto_i18n														TRANSFORMACAO_MEDIDAS													
FR_TRANSFORMACAO_MEDIDAS_dinheiro_1178288768	SP_LEGADO_0013	traducao	PO_TRANSFORMACAO_MEDIDAS_dinheiro_87364621	false	fr	TRANSFORMACAO_MEDIDAS	Dinheiro	Larissa avait R$20,00 et a reçu R$35,00 de plus de sa grand-mère. Combien d’argent a-t-elle maintenant ?	auto_i18n														TRANSFORMACAO_MEDIDAS													
IN_TRANSFORMACAO_MEDIDAS_dinheiro_1945220171	SP_LEGADO_0014	traducao	PO_TRANSFORMACAO_MEDIDAS_dinheiro_1663317646	false	en	TRANSFORMACAO_MEDIDAS	Dinheiro	Ícaro had R$5.00 and paid for the bus ticket that cost R$1.00. How much change did he receive?	auto_i18n														TRANSFORMACAO_MEDIDAS													
FR_TRANSFORMACAO_MEDIDAS_dinheiro_143306773	SP_LEGADO_0014	traducao	PO_TRANSFORMACAO_MEDIDAS_dinheiro_1663317646	false	fr	TRANSFORMACAO_MEDIDAS	Dinheiro	Ícaro avait R$5,00 et a payé le bus qui coûtait R$1,00. Combien de monnaie a-t-il reçue ?	auto_i18n														TRANSFORMACAO_MEDIDAS													
IN_TRANSFORMACAO_MEDIDAS_alunos_111673386	SP_LEGADO_0015	traducao	PO_TRANSFORMACAO_MEDIDAS_alunos_750420606	false	en	TRANSFORMACAO_MEDIDAS	Alunos	In a classroom, there were 20 students at the beginning of class. Five students arrived late. How many students were there at the end of class?	auto_i18n														TRANSFORMACAO_MEDIDAS													
FR_TRANSFORMACAO_MEDIDAS_alunos_1629170516	SP_LEGADO_0015	traducao	PO_TRANSFORMACAO_MEDIDAS_alunos_750420606	false	fr	TRANSFORMACAO_MEDIDAS	Alunos	Dans une classe, il y avait 20 élèves au début du cours. Cinq élèves sont arrivés en retard. Combien d’élèves y avait-il à la fin du cours ?	auto_i18n														TRANSFORMACAO_MEDIDAS													
IN_TRANSFORMACAO_MEDIDAS_flores_163233164	SP_LEGADO_0016	traducao	PO_TRANSFORMACAO_MEDIDAS_flores_1333330849	false	en	TRANSFORMACAO_MEDIDAS	Flores	In a bouquet of roses there are 10 roses: 5 white roses and 5 red roses. 3 roses were removed. How many roses remained in the bouquet?	auto_i18n														TRANSFORMACAO_MEDIDAS													
FR_TRANSFORMACAO_MEDIDAS_flores_1107056181	SP_LEGADO_0016	traducao	PO_TRANSFORMACAO_MEDIDAS_flores_1333330849	false	fr	TRANSFORMACAO_MEDIDAS	Flores	Dans un bouquet, il y a 10 roses : 5 roses blanches et 5 roses rouges. On a retiré 3 roses. Combien de roses reste-t-il dans le bouquet ?	auto_i18n														TRANSFORMACAO_MEDIDAS													
IN_TRANSFORMACAO_MEDIDAS_festa_572773910	SP_LEGADO_0017	traducao	PO_TRANSFORMACAO_MEDIDAS_festa_164394915	false	en	TRANSFORMACAO_MEDIDAS	Festa	Joana invited 20 school friends to her birthday party. When it was time to sing Happy Birthday, her father and mother also appeared. How many people were at the party?	auto_i18n														TRANSFORMACAO_MEDIDAS													
FR_TRANSFORMACAO_MEDIDAS_festa_367982966	SP_LEGADO_0017	traducao	PO_TRANSFORMACAO_MEDIDAS_festa_164394915	false	fr	TRANSFORMACAO_MEDIDAS	Festa	Joana a invité 20 amis de l’école à son anniversaire. Au moment de chanter Joyeux anniversaire, son père et sa mère sont aussi arrivés. Combien de personnes étaient à la fête ?	auto_i18n														TRANSFORMACAO_MEDIDAS													
IN_TRANSFORMACAO_MEDIDAS_dinheiro_1638228999	SP_LEGADO_0018	traducao	PO_TRANSFORMACAO_MEDIDAS_dinheiro_846666488	false	en	TRANSFORMACAO_MEDIDAS	Dinheiro	Priscila had R$10.00 and lent R$3.00 to two friends. How many reais did Priscila have left?	auto_i18n														TRANSFORMACAO_MEDIDAS													
FR_TRANSFORMACAO_MEDIDAS_dinheiro_1910076116	SP_LEGADO_0018	traducao	PO_TRANSFORMACAO_MEDIDAS_dinheiro_846666488	false	fr	TRANSFORMACAO_MEDIDAS	Dinheiro	Priscila avait R$10,00 et a prêté R$3,00 à deux amis. Combien de reais lui reste-t-il ?	auto_i18n														TRANSFORMACAO_MEDIDAS													
IN_TRANSFORMACAO_MEDIDAS_fivelas_236719132	SP_LEGADO_0019	traducao	PO_TRANSFORMACAO_MEDIDAS_fivelas_122481876	false	en	TRANSFORMACAO_MEDIDAS	Fivelas	Alice has 7 hair clips and got 4 more from her mother. How many hair clips does Alice have now?	auto_i18n														TRANSFORMACAO_MEDIDAS													
FR_TRANSFORMACAO_MEDIDAS_fivelas_835690245	SP_LEGADO_0019	traducao	PO_TRANSFORMACAO_MEDIDAS_fivelas_122481876	false	fr	TRANSFORMACAO_MEDIDAS	Fivelas	Alice a 7 barrettes et sa mère lui en a donné 4 de plus. Combien de barrettes Alice a-t-elle maintenant ?	auto_i18n														TRANSFORMACAO_MEDIDAS													
IN_TRANSFORMACAO_MEDIDAS_brinquedos_1694116184	SP_LEGADO_0020	traducao	PO_TRANSFORMACAO_MEDIDAS_brinquedos_1304676054	false	en	TRANSFORMACAO_MEDIDAS	Brinquedos	Felipe had 7 toy cars and lost 3 while playing. How many toy cars does Felipe have now?	auto_i18n														TRANSFORMACAO_MEDIDAS													
FR_TRANSFORMACAO_MEDIDAS_brinquedos_1461644499	SP_LEGADO_0020	traducao	PO_TRANSFORMACAO_MEDIDAS_brinquedos_1304676054	false	fr	TRANSFORMACAO_MEDIDAS	Brinquedos	Felipe avait 7 petites voitures et en a perdu 3 en jouant. Combien de petites voitures a-t-il maintenant ?	auto_i18n														TRANSFORMACAO_MEDIDAS													
IN_TRANSFORMACAO_MEDIDAS_alimentos_1531065379	SP_LEGADO_0021	traducao	PO_TRANSFORMACAO_MEDIDAS_alimentos_1164386440	false	en	TRANSFORMACAO_MEDIDAS	Alimentos	There were 15 kg of rice in the pantry. 7 kg have already been used. How many kilos of rice do I still have?	auto_i18n														TRANSFORMACAO_MEDIDAS													
FR_TRANSFORMACAO_MEDIDAS_alimentos_704644658	SP_LEGADO_0021	traducao	PO_TRANSFORMACAO_MEDIDAS_alimentos_1164386440	false	fr	TRANSFORMACAO_MEDIDAS	Alimentos	Il y avait 15 kg de riz dans le garde-manger. 7 kg ont déjà été utilisés. Combien de kilos de riz reste-t-il ?	auto_i18n														TRANSFORMACAO_MEDIDAS													
IN_TRANSFORMACAO_MEDIDAS_frutas_339445649	SP_LEGADO_0022	traducao	PO_TRANSFORMACAO_MEDIDAS_frutas_1324070195	false	en	TRANSFORMACAO_MEDIDAS	Frutas	Lia keeps 5 apples in a box. 2 more apples were put in it. How many apples are now in the box?	auto_i18n														TRANSFORMACAO_MEDIDAS													
FR_TRANSFORMACAO_MEDIDAS_frutas_335302538	SP_LEGADO_0022	traducao	PO_TRANSFORMACAO_MEDIDAS_frutas_1324070195	false	fr	TRANSFORMACAO_MEDIDAS	Frutas	Lia garde 5 pommes dans une boîte. On y a mis 2 pommes de plus. Combien de pommes y a-t-il maintenant dans la boîte ?	auto_i18n														TRANSFORMACAO_MEDIDAS													
IN_TRANSFORMACAO_MEDIDAS_brinquedos_2092213155	SP_LEGADO_0023	traducao	PO_TRANSFORMACAO_MEDIDAS_brinquedos_1672230	false	en	TRANSFORMACAO_MEDIDAS	Brinquedos	In a store there were 8 toy cars for sale. 6 toy cars were sold. How many were left?	auto_i18n														TRANSFORMACAO_MEDIDAS													
FR_TRANSFORMACAO_MEDIDAS_brinquedos_33367737	SP_LEGADO_0023	traducao	PO_TRANSFORMACAO_MEDIDAS_brinquedos_1672230	false	fr	TRANSFORMACAO_MEDIDAS	Brinquedos	Dans un magasin, il y avait 8 petites voitures à vendre. 6 ont été vendues. Combien en reste-t-il ?	auto_i18n														TRANSFORMACAO_MEDIDAS													
IN_TRANSFORMACAO_MEDIDAS_livros_164251377	SP_LEGADO_0024	traducao	PO_TRANSFORMACAO_MEDIDAS_livros_2659432	false	en	TRANSFORMACAO_MEDIDAS	Livros	Raquel had 4 books and her mother gave her 5 more. How many books did Raquel have?	auto_i18n														TRANSFORMACAO_MEDIDAS													
FR_TRANSFORMACAO_MEDIDAS_livros_596423416	SP_LEGADO_0024	traducao	PO_TRANSFORMACAO_MEDIDAS_livros_2659432	false	fr	TRANSFORMACAO_MEDIDAS	Livros	Raquel avait 4 livres et sa mère lui en a donné 5 de plus. Combien de livres a-t-elle ?	auto_i18n														TRANSFORMACAO_MEDIDAS													
IN_TRANSFORMACAO_MEDIDAS_refrigerantes_1687564645	SP_LEGADO_0025	traducao	PO_TRANSFORMACAO_MEDIDAS_refrigerantes_151430865	false	en	TRANSFORMACAO_MEDIDAS	Refrigerantes	Rafael had 10 soft drinks and João drank 6. How many soft drinks were left?	auto_i18n		10	seis	negativo	4								estado_final	TRANSFORMACAO_MEDIDAS		Rafael	João	Refrigerantes									
FR_TRANSFORMACAO_MEDIDAS_refrigerantes_975233463	SP_LEGADO_0025	traducao	PO_TRANSFORMACAO_MEDIDAS_refrigerantes_151430865	false	fr	TRANSFORMACAO_MEDIDAS	Refrigerantes	Rafael avait 10 sodas et João en a bu 6. Combien de sodas reste-t-il ?	auto_i18n		10	seis	negativo	4								estado_final	TRANSFORMACAO_MEDIDAS		Rafael	João	Refrigerantes									
IN_TRANSFORMACAO_MEDIDAS_aneis_1737239420	SP_LEGADO_0026	traducao	PO_TRANSFORMACAO_MEDIDAS_aneis_334103531	false	en	TRANSFORMACAO_MEDIDAS	Anéis	Priscila had 2 rings and bought 3 more. How many did she have?	auto_i18n														TRANSFORMACAO_MEDIDAS													
FR_TRANSFORMACAO_MEDIDAS_aneis_914626100	SP_LEGADO_0026	traducao	PO_TRANSFORMACAO_MEDIDAS_aneis_334103531	false	fr	TRANSFORMACAO_MEDIDAS	Anéis	Priscila avait 2 bagues et en a acheté 3. Combien de bagues a-t-elle ?	auto_i18n														TRANSFORMACAO_MEDIDAS													
IN_COMPOSICAO_TRANSFORMACAO_MEDIDAS_flores_284762576	SP_LEGADO_0027	traducao	PO_COMPOSICAO_TRANSFORMACAO_MEDIDAS_flores_422431114	false	en	COMPOSICAO_TRANSFORMACOES	Flores	Grandma has 2 white roses and 3 yellow roses. She gave 1 white rose and 1 yellow rose to her granddaughter. How many roses did Grandma have left?	auto_i18n		5	2	negativo	3	1	1	2					estado_final	COMPOSICAO_TRANSFORMACAO_MEDIDAS		Rosas brancas	Rosas amarelas	Vovó										3	Rosas amarelas	2	Rosas brancas
FR_COMPOSICAO_TRANSFORMACAO_MEDIDAS_flores_1386707023	SP_LEGADO_0027	traducao	PO_COMPOSICAO_TRANSFORMACAO_MEDIDAS_flores_422431114	false	fr	COMPOSICAO_TRANSFORMACOES	Flores	Grand-mère a 2 roses blanches et 3 roses jaunes. Elle a donné 1 rose blanche et 1 rose jaune à sa petite-fille. Combien de roses lui reste-t-il ?	auto_i18n		5	2	negativo	3	1	1	2					estado_final	COMPOSICAO_TRANSFORMACAO_MEDIDAS		Rosas brancas	Rosas amarelas	Vovó										3	Rosas amarelas	2	Rosas brancas
IN_COMPOSICAO_TRANSFORMACAO_MEDIDAS_mesas_1561507990	SP_LEGADO_0028	traducao	PO_COMPOSICAO_TRANSFORMACAO_MEDIDAS_mesas_1238199450	false	en	COMPOSICAO_TRANSFORMACOES	Mesas	In a room there were 5 round tables and 4 square tables. 2 round tables and 1 square table were removed from the room. How many tables remained?	auto_i18n														COMPOSICAO_TRANSFORMACAO_MEDIDAS													
FR_COMPOSICAO_TRANSFORMACAO_MEDIDAS_mesas_676012848	SP_LEGADO_0028	traducao	PO_COMPOSICAO_TRANSFORMACAO_MEDIDAS_mesas_1238199450	false	fr	COMPOSICAO_TRANSFORMACOES	Mesas	Dans une salle, il y avait 5 tables rondes et 4 tables carrées. On a retiré 2 tables rondes et 1 table carrée. Combien de tables sont restées ?	auto_i18n														COMPOSICAO_TRANSFORMACAO_MEDIDAS													
IN_TRANSFORMACAO_COMPOSTA_DOIS_PASSOS_guloseimas_49184360	SP_LEGADO_0029	traducao	PO_TRANSFORMACAO_COMPOSTA_DOIS_PASSOS_guloseimas_400916186	false	en	COMPOSICAO_TRANSFORMACOES	Guloseimas	Geisa had a box with 35 chocolates. She ate 2 yesterday and 5 today. How many chocolates does she still have?	auto_i18n		35			28	-2	-5	-7					estado_final	TRANSFORMACAO_COMPOSTA_DOIS_PASSOS		Chocolates	Chocolates	Chocolates							soma	33	
FR_TRANSFORMACAO_COMPOSTA_DOIS_PASSOS_guloseimas_464948667	SP_LEGADO_0029	traducao	PO_TRANSFORMACAO_COMPOSTA_DOIS_PASSOS_guloseimas_400916186	false	fr	COMPOSICAO_TRANSFORMACOES	Guloseimas	Geisa avait une boîte avec 35 chocolats. Elle en a mangé 2 hier et 5 aujourd’hui. Combien de chocolats lui reste-t-il ?	auto_i18n		35			28	-2	-5	-7					estado_final	TRANSFORMACAO_COMPOSTA_DOIS_PASSOS		Chocolates	Chocolates	Chocolates							soma	33	
IN_TRANSFORMACAO_MEDIDAS_bolas_de_gude_883471038_2	SP_LEGADO_0030	traducao	PO_TRANSFORMACAO_MEDIDAS_bolas_de_gude_555598173	false	en	TRANSFORMACAO_MEDIDAS	Bolas de gude	Ricardo went out to play marbles. When he left home, he had 2 marbles. When he returned, he had 6 marbles. What happened in the game?	auto_i18n														TRANSFORMACAO_MEDIDAS													
FR_TRANSFORMACAO_MEDIDAS_bolas_de_gude_1383935611	SP_LEGADO_0030	traducao	PO_TRANSFORMACAO_MEDIDAS_bolas_de_gude_555598173	false	fr	TRANSFORMACAO_MEDIDAS	Bolas de gude	Ricardo est sorti jouer aux billes. En quittant la maison, il avait 2 billes. En revenant, il avait 6 billes. Que s’est-il passé dans le jeu ?	auto_i18n														TRANSFORMACAO_MEDIDAS													
IN_TRANSFORMACAO_MEDIDAS_frutas_436266736	SP_LEGADO_0031	traducao	PO_TRANSFORMACAO_MEDIDAS_frutas_1638871910	false	en	TRANSFORMACAO_MEDIDAS	Frutas	Maria had 4 apples and bought 6 bananas. How many fruits did she have?	auto_i18n														TRANSFORMACAO_MEDIDAS													
FR_TRANSFORMACAO_MEDIDAS_frutas_1348076073	SP_LEGADO_0031	traducao	PO_TRANSFORMACAO_MEDIDAS_frutas_1638871910	false	fr	TRANSFORMACAO_MEDIDAS	Frutas	Maria avait 4 pommes et a acheté 6 bananes. Combien de fruits a-t-elle ?	auto_i18n														TRANSFORMACAO_MEDIDAS													
IN_COMPOSICAO_MEDIDAS_bolas_539927469	SP_LEGADO_0032	traducao	PO_COMPOSICAO_MEDIDAS_bolas_1098018440	true	en	COMPOSICAO_MEDIDAS	Bolas	Paulo has 6 glass balls and 8 steel balls. How many balls does he have in all?	auto_i18n						6	8	14					todo	DIAGRAMA_COMPOSICAO_COLECOES	testando a curadoria	Vidro	Aço										
FR_COMPOSICAO_MEDIDAS_bolas_1570315121	SP_LEGADO_0032	traducao	PO_COMPOSICAO_MEDIDAS_bolas_1098018440	true	fr	COMPOSICAO_MEDIDAS	Bolas	Paulo a 6 boules en verre et 8 boules en acier. Combien de boules a-t-il en tout ?	auto_i18n						6	8	14					todo	DIAGRAMA_COMPOSICAO_COLECOES	testando a curadoria	Vidro	Aço										
IN_COMPOSICAO_MEDIDAS_figurinhas_1533231001	SP_LEGADO_0033	traducao	PO_COMPOSICAO_MEDIDAS_figurinhas_755733109	false	en	COMPOSICAO_MEDIDAS	Figurinhas	Lucas has 12 Pokémon stickers and 25 Digimon stickers. How many stickers does he have in all?	auto_i18n						12	25	37					todo	DIAGRAMA_COMPOSICAO_COLECOES		Pokémon	Digimon	Lucas									
FR_COMPOSICAO_MEDIDAS_figurinhas_2002593564	SP_LEGADO_0033	traducao	PO_COMPOSICAO_MEDIDAS_figurinhas_755733109	false	fr	COMPOSICAO_MEDIDAS	Figurinhas	Lucas a 12 images de Pokémon et 25 images de Digimon. Combien d’images a-t-il en tout ?	auto_i18n						12	25	37					todo	DIAGRAMA_COMPOSICAO_COLECOES		Pokémon	Digimon	Lucas									
IN_COMPOSICAO_MEDIDAS_bonecas_850849839	SP_LEGADO_0034	traducao	PO_COMPOSICAO_MEDIDAS_bonecas_1023345945	false	en	COMPOSICAO_MEDIDAS	Bonecas	Lívia has 7 fofoletes and Deborah has 12 fofoletes. How many fofoletes do they have together?	auto_i18n						7	12	19					todo	DIAGRAMA_COMPOSICAO_COLECOES		Lígia	Debora	Fofoletes									
FR_COMPOSICAO_MEDIDAS_bonecas_465241089	SP_LEGADO_0034	traducao	PO_COMPOSICAO_MEDIDAS_bonecas_1023345945	false	fr	COMPOSICAO_MEDIDAS	Bonecas	Lívia a 7 fofoletes et Deborah en a 12. Combien de fofoletes ont-elles ensemble ?	auto_i18n						7	12	19					todo	DIAGRAMA_COMPOSICAO_COLECOES		Lígia	Debora	Fofoletes									
IN_COMPOSICAO_MEDIDAS_bolas_772649496	SP_LEGADO_0035	traducao	PO_COMPOSICAO_MEDIDAS_bolas_608460155	false	en	COMPOSICAO_MEDIDAS	Bolas	Paulo has 17 blue and red balls. If he has 11 blue balls, how many red balls does he have?	auto_i18n														DIAGRAMA_COMPOSICAO_COLECOES													
FR_COMPOSICAO_MEDIDAS_bolas_348238624	SP_LEGADO_0035	traducao	PO_COMPOSICAO_MEDIDAS_bolas_608460155	false	fr	COMPOSICAO_MEDIDAS	Bolas	Paulo a 17 boules bleues et rouges. S’il a 11 boules bleues, combien de boules rouges a-t-il ?	auto_i18n														DIAGRAMA_COMPOSICAO_COLECOES													
IN_COMPOSICAO_MEDIDAS_figurinhas_1890419465	SP_LEGADO_0036	traducao	PO_COMPOSICAO_MEDIDAS_figurinhas_374487832	false	en	COMPOSICAO_MEDIDAS	Figurinhas	Lucas has 19 Pokémon and Digimon stickers. If he has 6 Pokémon stickers, how many Digimon stickers does he have?	auto_i18n														DIAGRAMA_COMPOSICAO_COLECOES													
FR_COMPOSICAO_MEDIDAS_figurinhas_2046803813	SP_LEGADO_0036	traducao	PO_COMPOSICAO_MEDIDAS_figurinhas_374487832	false	fr	COMPOSICAO_MEDIDAS	Figurinhas	Lucas a 19 images de Pokémon et de Digimon. S’il a 6 images de Pokémon, combien d’images de Digimon a-t-il ?	auto_i18n														DIAGRAMA_COMPOSICAO_COLECOES													
IN_COMPOSICAO_MEDIDAS_roupas_1246602328	SP_LEGADO_0037	traducao	PO_COMPOSICAO_MEDIDAS_roupas_442246020	false	en	COMPOSICAO_MEDIDAS	Roupas	Ana received 2 red dresses and 5 yellow dresses at her birthday party. How many dresses did Ana receive in all?	auto_i18n														DIAGRAMA_COMPOSICAO_COLECOES													
FR_COMPOSICAO_MEDIDAS_roupas_1255784669	SP_LEGADO_0037	traducao	PO_COMPOSICAO_MEDIDAS_roupas_442246020	false	fr	COMPOSICAO_MEDIDAS	Roupas	Ana a reçu 2 robes rouges et 5 robes jaunes à son anniversaire. Combien de robes a-t-elle reçues en tout ?	auto_i18n														DIAGRAMA_COMPOSICAO_COLECOES													
IN_COMPOSICAO_MEDIDAS_figurinhas_616379528	SP_LEGADO_0038	traducao	PO_COMPOSICAO_MEDIDAS_figurinhas_226496415	false	en	COMPOSICAO_MEDIDAS	Figurinhas	Paulo has 5 stickers. Luis has 7. How many stickers do Paulo and Luis have in all?	auto_i18n														DIAGRAMA_COMPOSICAO_COLECOES													
FR_COMPOSICAO_MEDIDAS_figurinhas_249623966	SP_LEGADO_0038	traducao	PO_COMPOSICAO_MEDIDAS_figurinhas_226496415	false	fr	COMPOSICAO_MEDIDAS	Figurinhas	Paulo a 5 images. Luis en a 7. Combien d’images Paulo et Luis ont-ils en tout ?	auto_i18n														DIAGRAMA_COMPOSICAO_COLECOES													
IN_COMPOSICAO_MEDIDAS_ovos_1818506747	SP_LEGADO_0039	traducao	PO_COMPOSICAO_MEDIDAS_ovos_1660505712	false	en	COMPOSICAO_MEDIDAS	Ovos	In a box there are 12 eggs, and 3 of them arrived broken. How many whole eggs are in the box?	auto_i18n														DIAGRAMA_COMPOSICAO_COLECOES													
FR_COMPOSICAO_MEDIDAS_ovos_1324100585	SP_LEGADO_0039	traducao	PO_COMPOSICAO_MEDIDAS_ovos_1660505712	false	fr	COMPOSICAO_MEDIDAS	Ovos	Dans une boîte, il y a 12 œufs, dont 3 sont cassés. Combien d’œufs entiers y a-t-il dans la boîte ?	auto_i18n														DIAGRAMA_COMPOSICAO_COLECOES													
IN_COMPOSICAO_MEDIDAS_chaves_283344669	SP_LEGADO_0040	traducao	PO_COMPOSICAO_MEDIDAS_chaves_1132344424	false	en	COMPOSICAO_MEDIDAS	Chaves	Adriana’s father has a key ring with 3 silver keys and 2 gold keys. What is the total number of keys on Adriana’s father’s key ring?	auto_i18n														DIAGRAMA_COMPOSICAO_COLECOES													
FR_COMPOSICAO_MEDIDAS_chaves_990270459	SP_LEGADO_0040	traducao	PO_COMPOSICAO_MEDIDAS_chaves_1132344424	false	fr	COMPOSICAO_MEDIDAS	Chaves	Le père d’Adriana a un porte-clés avec 3 clés en argent et 2 clés en or. Quel est le nombre total de clés sur le porte-clés ?	auto_i18n														DIAGRAMA_COMPOSICAO_COLECOES													
IN_COMPOSICAO_MEDIDAS_bolas_1005052995	SP_LEGADO_0041	traducao	PO_COMPOSICAO_MEDIDAS_bolas_973887513	false	en	COMPOSICAO_MEDIDAS	Bolas	Alex has a box with 80 marbles. 30 marbles are green and the others are blue. How many marbles are blue?	auto_i18n														DIAGRAMA_COMPOSICAO_COLECOES													
FR_COMPOSICAO_MEDIDAS_bolas_211394549	SP_LEGADO_0041	traducao	PO_COMPOSICAO_MEDIDAS_bolas_973887513	false	fr	COMPOSICAO_MEDIDAS	Bolas	Alex a une boîte avec 80 billes. 30 billes sont vertes et les autres sont bleues. Combien de billes sont bleues ?	auto_i18n														DIAGRAMA_COMPOSICAO_COLECOES													
IN_COMPOSICAO_MEDIDAS_album_1451277578	SP_LEGADO_0042	traducao	PO_COMPOSICAO_MEDIDAS_album_660919521	false	en	COMPOSICAO_MEDIDAS	Álbum	Yuri had 2 albums with 20 stickers in all. If one album had 8 stickers, how many stickers will the other have?	auto_i18n														DIAGRAMA_COMPOSICAO_COLECOES													
FR_COMPOSICAO_MEDIDAS_album_378821465	SP_LEGADO_0042	traducao	PO_COMPOSICAO_MEDIDAS_album_660919521	false	fr	COMPOSICAO_MEDIDAS	Álbum	Yuri avait 2 albums avec 20 images au total. Si un album avait 8 images, combien l’autre en aura-t-il ?	auto_i18n														DIAGRAMA_COMPOSICAO_COLECOES													
IN_COMPOSICAO_MEDIDAS_bonecas_780627628	SP_LEGADO_0043	traducao	PO_COMPOSICAO_MEDIDAS_bonecas_1713336345	false	en	COMPOSICAO_MEDIDAS	Bonecas	Joana has 10 dolls, and her sister has 5. How many dolls do the two sisters have?	auto_i18n														DIAGRAMA_COMPOSICAO_COLECOES													
FR_COMPOSICAO_MEDIDAS_bonecas_9931918	SP_LEGADO_0043	traducao	PO_COMPOSICAO_MEDIDAS_bonecas_1713336345	false	fr	COMPOSICAO_MEDIDAS	Bonecas	Joana a 10 poupées et sa sœur en a 5. Combien de poupées les deux sœurs ont-elles ?	auto_i18n														DIAGRAMA_COMPOSICAO_COLECOES													
IN_COMPOSICAO_MEDIDAS_cadeiras_1510275207	SP_LEGADO_0044	traducao	PO_COMPOSICAO_MEDIDAS_cadeiras_1517400475	false	en	COMPOSICAO_MEDIDAS	Cadeiras	In a classroom there are 30 chairs, and 5 are broken. How many can be used by the students?	auto_i18n														DIAGRAMA_COMPOSICAO_COLECOES													
FR_COMPOSICAO_MEDIDAS_cadeiras_293587561	SP_LEGADO_0044	traducao	PO_COMPOSICAO_MEDIDAS_cadeiras_1517400475	false	fr	COMPOSICAO_MEDIDAS	Cadeiras	Dans une salle de classe, il y a 30 chaises et 5 sont cassées. Combien peuvent être utilisées par les élèves ?	auto_i18n														DIAGRAMA_COMPOSICAO_COLECOES													
IN_COMPOSICAO_MEDIDAS_cordao_2083793557	SP_LEGADO_0045	traducao	PO_COMPOSICAO_MEDIDAS_cordao_1169143305	false	en	COMPOSICAO_MEDIDAS	Cordão	On a cord there are 7 blue beads and 3 white beads. How many beads are there in all on the cord?	auto_i18n														DIAGRAMA_COMPOSICAO_COLECOES													
FR_COMPOSICAO_MEDIDAS_cordao_490826164	SP_LEGADO_0045	traducao	PO_COMPOSICAO_MEDIDAS_cordao_1169143305	false	fr	COMPOSICAO_MEDIDAS	Cordão	Sur un cordon, il y a 7 perles bleues et 3 perles blanches. Combien de perles y a-t-il en tout ?	auto_i18n														DIAGRAMA_COMPOSICAO_COLECOES													
IN_COMPOSICAO_MEDIDAS_roupas_1101572243	SP_LEGADO_0046	traducao	PO_COMPOSICAO_MEDIDAS_roupas_1048926934	false	en	COMPOSICAO_MEDIDAS	Roupas	Natália keeps 3 skirts in one drawer and 7 in another drawer. How many skirts does Natália have?	auto_i18n														DIAGRAMA_COMPOSICAO_COLECOES													
FR_COMPOSICAO_MEDIDAS_roupas_1745747488	SP_LEGADO_0046	traducao	PO_COMPOSICAO_MEDIDAS_roupas_1048926934	false	fr	COMPOSICAO_MEDIDAS	Roupas	Natália garde 3 jupes dans un tiroir et 7 dans un autre. Combien de jupes a-t-elle ?	auto_i18n														DIAGRAMA_COMPOSICAO_COLECOES													
IN_COMPOSICAO_MEDIDAS_borrachas_171104703	SP_LEGADO_0047	traducao	PO_COMPOSICAO_MEDIDAS_borrachas_327293879	false	en	COMPOSICAO_MEDIDAS	Borrachas	Marina has 4 blue erasers, 3 yellow erasers, 2 green erasers and 5 red erasers. How many erasers does Marina have?	auto_i18n														DIAGRAMA_COMPOSICAO_COLECOES													
FR_COMPOSICAO_MEDIDAS_borrachas_1372248110	SP_LEGADO_0047	traducao	PO_COMPOSICAO_MEDIDAS_borrachas_327293879	false	fr	COMPOSICAO_MEDIDAS	Borrachas	Marina a 4 gommes bleues, 3 jaunes, 2 vertes et 5 rouges. Combien de gommes a-t-elle ?	auto_i18n														DIAGRAMA_COMPOSICAO_COLECOES													
IN_COMPOSICAO_MEDIDAS_frutas_1085731845	SP_LEGADO_0048	traducao	PO_COMPOSICAO_MEDIDAS_frutas_106233865	false	en	COMPOSICAO_MEDIDAS	Frutas	In a basket there are 7 oranges and 8 bananas. How many fruits were in the basket?	auto_i18n														DIAGRAMA_COMPOSICAO_COLECOES													
FR_COMPOSICAO_MEDIDAS_frutas_622221028	SP_LEGADO_0048	traducao	PO_COMPOSICAO_MEDIDAS_frutas_106233865	false	fr	COMPOSICAO_MEDIDAS	Frutas	Dans un panier, il y a 7 oranges et 8 bananes. Combien de fruits y avait-il dans le panier ?	auto_i18n														DIAGRAMA_COMPOSICAO_COLECOES													
IN_COMPOSICAO_MEDIDAS_roupas_1270014262	SP_LEGADO_0049	traducao	PO_COMPOSICAO_MEDIDAS_roupas_837703985	false	en	COMPOSICAO_MEDIDAS	Roupas	I bought 2 dresses and received 2 blouses. How many pieces of clothing do I have?	auto_i18n														DIAGRAMA_COMPOSICAO_COLECOES													
FR_COMPOSICAO_MEDIDAS_roupas_1808097953	SP_LEGADO_0049	traducao	PO_COMPOSICAO_MEDIDAS_roupas_837703985	false	fr	COMPOSICAO_MEDIDAS	Roupas	J’ai acheté 2 robes et reçu 2 chemisiers. Combien de vêtements ai-je ?	auto_i18n														DIAGRAMA_COMPOSICAO_COLECOES													
IN_COMPARACAO_MEDIDAS_bolas_1388429065	SP_LEGADO_0050	traducao	PO_COMPARACAO_MEDIDAS_bolas_487868670	true	en	COMPARACAO_MEDIDAS	Bolas	Paulo has 6 balls. José has 8 more balls than Paulo. How many balls does José have?	auto_i18n									6	14	8	positivo	referendo	COMPARACAO_MEDIDAS	testando a curadoria	Paulo	José										
FR_COMPARACAO_MEDIDAS_bolas_642715490	SP_LEGADO_0050	traducao	PO_COMPARACAO_MEDIDAS_bolas_487868670	true	fr	COMPARACAO_MEDIDAS	Bolas	Paulo a 6 balles. José a 8 balles de plus que Paulo. Combien de balles José a-t-il ?	auto_i18n									6	14	8	positivo	referendo	COMPARACAO_MEDIDAS	testando a curadoria	Paulo	José										
IN_COMPARACAO_MEDIDAS_carrinhos_680661635	SP_LEGADO_0051	traducao	PO_COMPARACAO_MEDIDAS_carrinhos_1292854684	false	en	COMPARACAO_MEDIDAS	Carrinhos	Marcus and Jardel collect miniature cars. Marcus has 23 cars and Jardel has 11 cars. How many fewer cars does Jardel have?	auto_i18n									23	11	-12	negativo	valor_relativo	COMPARACAO_MEDIDAS		Marcus	Jardel	Carrinhos									
FR_COMPARACAO_MEDIDAS_carrinhos_2108625552	SP_LEGADO_0051	traducao	PO_COMPARACAO_MEDIDAS_carrinhos_1292854684	false	fr	COMPARACAO_MEDIDAS	Carrinhos	Marcus et Jardel collectionnent des petites voitures. Marcus en a 23 et Jardel en a 11. Combien de petites voitures Jardel a-t-il de moins ?	auto_i18n									23	11	-12	negativo	valor_relativo	COMPARACAO_MEDIDAS		Marcus	Jardel	Carrinhos									
IN_COMPARACAO_MEDIDAS_dinheiro_74721514	SP_LEGADO_0052	traducao	PO_COMPARACAO_MEDIDAS_dinheiro_667564143	false	en	COMPARACAO_MEDIDAS	Dinheiro	Ingrid has 12 reais more than Ligianne. If Ligianne has 27 reais, how many reais does Ingrid have?	auto_i18n									27	39	12	positivo	referendo	COMPARACAO_MEDIDAS		Ligianne	Ingrid	Reais									
FR_COMPARACAO_MEDIDAS_dinheiro_1566253774	SP_LEGADO_0052	traducao	PO_COMPARACAO_MEDIDAS_dinheiro_667564143	false	fr	COMPARACAO_MEDIDAS	Dinheiro	Ingrid a 12 reais de plus que Ligianne. Si Ligianne a 27 reais, combien de reais Ingrid a-t-elle ?	auto_i18n									27	39	12	positivo	referendo	COMPARACAO_MEDIDAS		Ligianne	Ingrid	Reais									
IN_COMPARACAO_MEDIDAS_cds_2006555005	SP_LEGADO_0053	traducao	PO_COMPARACAO_MEDIDAS_cds_1222854862	false	en	COMPARACAO_MEDIDAS	CDs	Jammes has 17 CDs. She has 12 CDs fewer than Gisele. How many CDs does Gisele have?	auto_i18n									29	17	12	negativo	referido	COMPARACAO_MEDIDAS		Gisele	Jammes	Cds									
FR_COMPARACAO_MEDIDAS_cds_268242115	SP_LEGADO_0053	traducao	PO_COMPARACAO_MEDIDAS_cds_1222854862	false	fr	COMPARACAO_MEDIDAS	CDs	Jammes a 17 CD. Elle a 12 CD de moins que Gisele. Combien de CD Gisele a-t-elle ?	auto_i18n									29	17	12	negativo	referido	COMPARACAO_MEDIDAS		Gisele	Jammes	Cds									
IN_COMPARACAO_MEDIDAS_dinheiro_414982151	SP_LEGADO_0054	traducao	PO_COMPARACAO_MEDIDAS_dinheiro_2123535490	false	en	COMPARACAO_MEDIDAS	Dinheiro	Claudia has 15 reais. She has 7 reais more than Joana. How many reais does Joana have?	auto_i18n									8	15	7	positivo	referido	COMPARACAO_MEDIDAS		Joana	Cláudia	Reais									
FR_COMPARACAO_MEDIDAS_dinheiro_1582050380	SP_LEGADO_0054	traducao	PO_COMPARACAO_MEDIDAS_dinheiro_2123535490	false	fr	COMPARACAO_MEDIDAS	Dinheiro	Claudia a 15 reais. Elle a 7 reais de plus que Joana. Combien de reais Joana a-t-elle ?	auto_i18n									8	15	7	positivo	referido	COMPARACAO_MEDIDAS		Joana	Cláudia	Reais									
IN_COMPARACAO_MEDIDAS_dinheiro_1211292523	SP_LEGADO_0055	traducao	PO_COMPARACAO_MEDIDAS_dinheiro_1527166754	false	en	COMPARACAO_MEDIDAS	Dinheiro	Claudenice has 14 reais less than Nádia. Nádia has 27 reais. How many reais does Claudenice have?	auto_i18n									27	13	14	negativo	referendo	COMPARACAO_MEDIDAS		Nadia	Claudenice	Reais									
FR_COMPARACAO_MEDIDAS_dinheiro_1556037952	SP_LEGADO_0055	traducao	PO_COMPARACAO_MEDIDAS_dinheiro_1527166754	false	fr	COMPARACAO_MEDIDAS	Dinheiro	Claudenice a 14 reais de moins que Nádia. Nádia a 27 reais. Combien de reais Claudenice a-t-elle ?	auto_i18n									27	13	14	negativo	referendo	COMPARACAO_MEDIDAS		Nadia	Claudenice	Reais									
IN_COMPOSICAO_TRANSFORMACOES_bolas_1019033918	SP_LEGADO_0056	traducao	PO_COMPOSICAO_TRANSFORMACOES_bolas_509261012	false	en	COMPOSICAO_TRANSFORMACOES	Bolas	João played 2 marble games. In the second game he won 12 marbles. At the end of the two games he had won 22. How many marbles did he win in the first game?	auto_i18n						+10	+12	+22					transformacao_1	COMPOSICAO_TRANSFORMACOES		bila	bila	bila							soma		soma
FR_COMPOSICAO_TRANSFORMACOES_bolas_1696962596	SP_LEGADO_0056	traducao	PO_COMPOSICAO_TRANSFORMACOES_bolas_509261012	false	fr	COMPOSICAO_TRANSFORMACOES	Bolas	João a joué 2 parties de billes. Dans la deuxième, il a gagné 12 billes. À la fin des deux parties, il en avait gagné 22. Combien de billes a-t-il gagnées dans la première partie ?	auto_i18n						+10	+12	+22					transformacao_1	COMPOSICAO_TRANSFORMACOES		bila	bila	bila							soma		soma
IN_COMPOSICAO_TRANSFORMACOES_bolas_350164452	SP_LEGADO_0057	traducao	PO_COMPOSICAO_TRANSFORMACOES_bolas_255637227	false	en	COMPOSICAO_TRANSFORMACOES	Bolas	João played 2 marble games. In the second game he won 12 marbles. At the end of the two games he had lost 5. How many marbles did he lose in the first game?	auto_i18n														COMPOSICAO_TRANSFORMACOES													
FR_COMPOSICAO_TRANSFORMACOES_bolas_1060854845	SP_LEGADO_0057	traducao	PO_COMPOSICAO_TRANSFORMACOES_bolas_255637227	false	fr	COMPOSICAO_TRANSFORMACOES	Bolas	João a joué 2 parties de billes. Dans la deuxième, il a gagné 12 billes. À la fin des deux parties, il en avait perdu 5. Combien de billes a-t-il perdues dans la première partie ?	auto_i18n														COMPOSICAO_TRANSFORMACOES													
IN_COMPOSICAO_TRANSFORMACOES_figurinhas_298753118	SP_LEGADO_0058	traducao	PO_COMPOSICAO_TRANSFORMACOES_figurinhas_2105853102	false	en	COMPOSICAO_TRANSFORMACOES	Figurinhas	Manuel received 12 Pokémon stickers from João through Antônio. Later Manuel received 5 more stickers from Aninha. How many stickers did Manuel receive in all?	auto_i18n						+12	+5	17					transformacao_resultante	COMPOSICAO_TRANSFORMACOES		figurinhas	figurinhas	figurinhas									
FR_COMPOSICAO_TRANSFORMACOES_figurinhas_1095325411	SP_LEGADO_0058	traducao	PO_COMPOSICAO_TRANSFORMACOES_figurinhas_2105853102	false	fr	COMPOSICAO_TRANSFORMACOES	Figurinhas	Manuel a reçu 12 images de Pokémon de João par Antônio. Plus tard, Manuel a reçu 5 images de plus d’Aninha. Combien d’images Manuel a-t-il reçues en tout ?	auto_i18n						+12	+5	17					transformacao_resultante	COMPOSICAO_TRANSFORMACOES		figurinhas	figurinhas	figurinhas									
IN_COMPOSICAO_TRANSFORMACOES_figurinhas_441164035	SP_LEGADO_0059	traducao	PO_COMPOSICAO_TRANSFORMACOES_figurinhas_2122435050	false	en	COMPOSICAO_TRANSFORMACOES	Figurinhas	Manuel received 12 Pokémon stickers from João through Antônio. Later Manuel lost 5 stickers to Aninha. How many stickers did Manuel gain in all?	auto_i18n														COMPOSICAO_TRANSFORMACOES													
FR_COMPOSICAO_TRANSFORMACOES_figurinhas_570107934	SP_LEGADO_0059	traducao	PO_COMPOSICAO_TRANSFORMACOES_figurinhas_2122435050	false	fr	COMPOSICAO_TRANSFORMACOES	Figurinhas	Manuel a reçu 12 images de Pokémon de João par Antônio. Plus tard, Manuel a perdu 5 images contre Aninha. Combien d’images Manuel a-t-il gagnées en tout ?	auto_i18n														COMPOSICAO_TRANSFORMACOES													
IN_COMPOSICAO_TRANSFORMACOES_figurinhas_1625324242	SP_LEGADO_0060	traducao	PO_COMPOSICAO_TRANSFORMACOES_figurinhas_1706006252	false	en	COMPOSICAO_TRANSFORMACOES	Figurinhas	In a first game Maria lost 7 stickers. At the end of the second game she had won 4 stickers in all. How many stickers did she win in the second game?	auto_i18n														COMPOSICAO_TRANSFORMACOES													
FR_COMPOSICAO_TRANSFORMACOES_figurinhas_2013338332	SP_LEGADO_0060	traducao	PO_COMPOSICAO_TRANSFORMACOES_figurinhas_1706006252	false	fr	COMPOSICAO_TRANSFORMACOES	Figurinhas	Dans une première partie, Maria a perdu 7 images. À la fin de la deuxième partie, elle avait gagné 4 images en tout. Combien d’images a-t-elle gagnées dans la deuxième partie ?	auto_i18n														COMPOSICAO_TRANSFORMACOES													
IN_COMPOSICAO_TRANSFORMACOES_pontuacao_1786249653	SP_LEGADO_0061	traducao	PO_COMPOSICAO_TRANSFORMACOES_pontuacao_1210867056	false	en	COMPOSICAO_TRANSFORMACOES	Pontuação	In a game, Paulo won 8 points in the first round and lost 3 points in the second. What was the total change in his score?	auto_i18n														COMPOSICAO_TRANSFORMACOES													
FR_COMPOSICAO_TRANSFORMACOES_pontuacao_761613629	SP_LEGADO_0061	traducao	PO_COMPOSICAO_TRANSFORMACOES_pontuacao_1210867056	false	fr	COMPOSICAO_TRANSFORMACOES	Pontuação	Dans un jeu, Paulo a gagné 8 points au premier tour et a perdu 3 points au deuxième. Quelle a été la transformation totale de son score ?	auto_i18n														COMPOSICAO_TRANSFORMACOES													
IN_TRANSFORMACAO_COMPOSTA_DOIS_PASSOS_chocolates_1699321159	SP_LEGADO_0062	traducao	PO_TRANSFORMACAO_COMPOSTA_DOIS_PASSOS_chocolates_1269597383	false	en	COMPOSICAO_TRANSFORMACOES	Chocolates	Geisa had a box with 25 chocolates. She ate 2 yesterday and 5 today. How many chocolates does she still have?	auto_i18n		25			16	-2	-5	3					estado_final	TRANSFORMACAO_COMPOSTA_DOIS_PASSOS		chocolates	chocolates	chocolates							subtracao	22	
FR_TRANSFORMACAO_COMPOSTA_DOIS_PASSOS_chocolates_450698522	SP_LEGADO_0062	traducao	PO_TRANSFORMACAO_COMPOSTA_DOIS_PASSOS_chocolates_1269597383	false	fr	COMPOSICAO_TRANSFORMACOES	Chocolates	Geisa avait une boîte avec 25 chocolats. Elle en a mangé 2 hier et 5 aujourd’hui. Combien de chocolats lui reste-t-il ?	auto_i18n		25			16	-2	-5	3					estado_final	TRANSFORMACAO_COMPOSTA_DOIS_PASSOS		chocolates	chocolates	chocolates							subtracao	22	
IN_TRANSFORMACAO_RELACAO_bonecas_1433474852	SP_LEGADO_0063	traducao	PO_TRANSFORMACAO_RELACAO_bonecas_620955739	false	en	TRANSFORMACAO_RELACAO	Bonecas	Julia has 3 more dolls than Maria. Maria’s mother bought 5 more dolls for her. How many more dolls did Maria have than Julia?	auto_i18n		+3	5	positivo	+2								relacao_final	TRANSFORMACAO_RELACAO		Bonecas	Maria	Julia							subtracao		
FR_TRANSFORMACAO_RELACAO_bonecas_405276910	SP_LEGADO_0063	traducao	PO_TRANSFORMACAO_RELACAO_bonecas_620955739	false	fr	TRANSFORMACAO_RELACAO	Bonecas	Julia a 3 poupées de plus que Maria. La mère de Maria lui a acheté 5 poupées de plus. Combien de poupées Maria a-t-elle de plus que Julia ?	auto_i18n		+3	5	positivo	+2								relacao_final	TRANSFORMACAO_RELACAO		Bonecas	Maria	Julia							subtracao		
IN_TRANSFORMACAO_RELACAO_figurinhas_1241847048	SP_LEGADO_0064	traducao	PO_TRANSFORMACAO_RELACAO_figurinhas_1283157032	false	en	TRANSFORMACAO_RELACAO	Figurinhas	Ana has 5 more stickers than Bia. Then Ana received 4 more stickers. How many more stickers did Ana have than Bia after that?	auto_i18n		+5	4	positivo	+9								relacao_final	TRANSFORMACAO_RELACAO		figurinhas	figurinhas	figurinhas									
FR_TRANSFORMACAO_RELACAO_figurinhas_491362201	SP_LEGADO_0064	traducao	PO_TRANSFORMACAO_RELACAO_figurinhas_1283157032	false	fr	TRANSFORMACAO_RELACAO	Figurinhas	Ana a 5 images de plus que Bia. Ensuite, Ana a reçu 4 images de plus. Combien d’images de plus Ana a-t-elle alors que Bia ?	auto_i18n		+5	4	positivo	+9								relacao_final	TRANSFORMACAO_RELACAO		figurinhas	figurinhas	figurinhas									
IN_COMPOSICAO_RELACOES_dinheiro_1274013472	SP_LEGADO_0065	traducao	PO_COMPOSICAO_RELACOES_dinheiro_161113042	false	en	COMPOSICAO_RELACOES	Dinheiro	Carlos has 7 reais more than João. João has 2 reais less than Pedro. What is the relation between Carlos’s amount and Pedro’s amount?	auto_i18n						+7	-2	5					relacao_resultante	COMPOSICAO_RELACOES		Reais	Reais	Reais									
FR_COMPOSICAO_RELACOES_dinheiro_1876731889	SP_LEGADO_0065	traducao	PO_COMPOSICAO_RELACOES_dinheiro_161113042	false	fr	COMPOSICAO_RELACOES	Dinheiro	Carlos a 7 reais de plus que João. João a 2 reais de moins que Pedro. Quelle est la relation entre la somme de Carlos et celle de Pedro ?	auto_i18n						+7	-2	5					relacao_resultante	COMPOSICAO_RELACOES		Reais	Reais	Reais									
IN_COMPOSICAO_RELACOES_idades_803396257	SP_LEGADO_0066	traducao	PO_COMPOSICAO_RELACOES_idades_642701604	false	en	COMPOSICAO_RELACOES	Idades	Maria is 4 years older than João. João is 2 years older than Carla. What is the age difference between Maria and Carla?	auto_i18n						+4	+2	6					relacao_resultante	COMPOSICAO_RELACOES		anos	anos								soma		
FR_COMPOSICAO_RELACOES_idades_1667173613	SP_LEGADO_0066	traducao	PO_COMPOSICAO_RELACOES_idades_642701604	false	fr	COMPOSICAO_RELACOES	Idades	Maria a 4 ans de plus que João. João a 2 ans de plus que Carla. Quelle est la différence d’âge entre Maria et Carla ?	auto_i18n						+4	+2	6					relacao_resultante	COMPOSICAO_RELACOES		anos	anos								soma		
